State_s,start_i,cont_cmp_i,wait_cmp_i,exit_cmp_i,stall_i,NState_ns,clear_rep_o,select_line2_o,select_line1_o,select_line0_o
IDLE,0,x,x,x,0,IDLE,0,0,0,0
IDLE,1,x,x,x,0,CMP,0,0,0,0
CMP,x,1,x,x,0,DEC_ECX_CMP,0,0,0,0
CMP,x,0,1,x,0,CMP,0,0,0,0
CMP,x,0,0,1,0,IDLE,1,0,0,0
CMP,x,0,0,0,0,FUCK_ME,0,0,0,0
DEC_ECX_CMP,x,x,x,x,0,CMP0,0,0,1,0
CMP0,x,x,x,x,0,CMP1,0,0,1,1
CMP1,x,x,x,x,0,CMP2,0,1,0,0
CMP2,x,x,x,x,0,CMP,0,1,0,1
FUCK_ME,x,x,x,x,x,FUCK_ME,0,0,0,0
IDLE,x,x,x,x,1,IDLE,0,0,0,0
CMP,x,x,x,x,1,CMP,0,0,0,0
DEC_ECX_CMP,x,x,x,x,1,DEC_ECX_CMP,0,0,0,0
CMP0,x,x,x,x,1,CMP0,0,0,0,0
CMP1,x,x,x,x,1,CMP1,0,0,0,0
CMP2,x,x,x,x,1,CMP2,0,0,0,0